time,strategy_nav_eqw,benchmark_nav_eqw
2020-01-02,1.0,1.0
2020-01-03,1.0,0.9926640071293803
2020-01-06,1.0,1.0032578435253414
2020-01-07,1.0,1.008362774897027
2020-01-08,1.0,1.018996909871394
2020-01-09,1.0,1.022949001795469
2020-01-10,1.0,1.0188208737273874
2020-01-13,1.0,1.0464065491529648
2020-01-14,1.0,1.0453567719918966
2020-01-15,1.0,1.036294018058339
2020-01-16,1.0,1.0452204335768618
2020-01-17,1.0,1.0497636922529794
2020-01-21,1.0,1.0616092566314725
2020-01-22,1.0,1.072105795129029
2020-01-23,1.0,1.0791279217801322
2020-01-24,1.0,1.0715965004692949
2020-01-27,1.0,1.043576083461215
2020-01-28,1.0,1.0660827578958283
2020-01-29,1.0,1.0754218295374933
2020-01-30,1.0,1.0991116715326579
2020-01-31,1.0,1.0913686425790021
2020-02-03,1.0,1.144842538815664
2020-02-04,1.0,1.196753537479872
2020-02-05,1.0,1.1512591133474028
2020-02-06,1.0,1.1681041381891706
2020-02-07,1.0,1.164530092925805
2020-02-10,1.0,1.1907534903362378
2020-02-11,1.0,1.1940592057154262
2020-02-12,1.0,1.2019229632115387
2020-02-13,1.0,1.209433101523176
2020-02-14,1.0,1.2176123941250196
2020-02-18,1.0,1.2384009263425606
2020-02-19,1.0,1.2748855916274964
2020-02-20,1.0,1.2562410661135333
2020-02-21,1.0,1.229523657599778
2020-02-24,1.0,1.1620287758946997
2020-02-25,1.0,1.1265762752511903
2020-02-26,1.0,1.1293099536887905
2020-02-27,1.0,1.0471081594930103
2020-02-28,1.0,1.0590912022885695
2020-03-02,1.0,1.1253513815533542
2020-03-03,1.0,1.094617757028511
2020-03-04,1.0,1.1333588765911577
2020-03-05,1.0,1.0939817429805194
2020-03-06,1.0,1.0708959802400158
2020-03-09,1.0,0.9807790042573445
2020-03-10,1.0,1.0405548452777242
2020-03-11,1.0,0.997421157343264
2020-03-12,1.0,0.8958270445770367
2020-03-13,1.0,0.963259066320381
2020-03-16,1.0,0.8226232056751696
2020-03-17,1.0,0.8640187315054485
2020-03-18,1.0,0.8089223976898641
2020-03-19,1.0,0.8559241062394598
2020-03-20,1.0,0.8312831016715744
2020-03-23,1.0,0.8374801811616103
2020-03-24,1.0,0.9236587375481525
2020-03-25,1.0,0.9260762621885229
2020-03-26,1.0,0.9666255418221396
2020-03-27,1.0,0.9333720551547247
2020-03-30,1.0,0.9624399851326586
2020-03-31,1.0,0.96525535460992
2020-04-01,1.0,0.912216262307639
2020-04-02,1.0,0.923666260174109
2020-04-03,1.0,0.917615091185727
2020-04-06,1.0,0.9887690979589271
2020-04-07,1.0,0.9912155371081871
2020-04-08,1.0,1.0100579450846396
2020-04-09,1.0,1.0135437761732053
2020-04-13,1.0,1.058747792135285
2020-04-14,1.0,1.1183140216883678
2020-04-15,1.0,1.11670822662145
2020-04-16,1.0,1.1436874606168879
2020-04-17,1.0,1.1478060514655992
2020-04-20,1.0,1.132397235200623
2020-04-21,1.0,1.0768871376152462
2020-04-22,1.0,1.1235613292701194
2020-04-23,1.0,1.1146959095292261
2020-04-24,1.0,1.135043041115074
2020-04-27,1.0,1.1620287260140152
2020-04-28,1.0,1.1325271337560108
2020-04-29,1.0,1.1791608122837574
2020-04-30,1.0,1.1799113101959195
2020-05-01,1.0,1.1186341590816142
2020-05-04,1.0,1.1532940676667411
2020-05-05,1.0,1.1649033003193574
2020-05-06,1.0,1.1769674488447086
2020-05-07,1.0,1.1880638816948483
2020-05-08,1.0,1.215383285879278
2020-05-11,1.0,1.2272485510931408
2020-05-12,1.0,1.204922973126413
2020-05-13,1.0,1.189692667133286
2020-05-14,1.0,1.2053534688256653
2020-05-15,1.0,1.216926744427655
2020-05-18,1.0,1.2412326977417567
2020-05-19,1.0,1.2385896861880854
2020-05-20,1.0,1.2599857359853945
2020-05-21,1.0,1.2504047757830978
2020-05-22,1.0,1.2546203791733848
2020-05-26,1.0,1.2472779185813205
2020-05-27,1.0,1.2455053337411255
2020-05-28,1.0,1.2366243857587649
2020-05-29,1.0,1.2653713143101812
2020-06-01,1.0,1.2878904627939955
2020-06-02,1.0,1.2898656338681296
2020-06-03,1.0,1.2954634791418103
2020-06-04,1.0,1.2814935472201765
2020-06-05,1.0,1.308387848079233
2020-06-08,1.0,1.3330711532491004
2020-06-09,1.0,1.347256669261107
2020-06-10,1.0,1.3980833700127633
2020-06-11,1.0,1.3269771370584955
2020-06-12,1.0,1.3234948567722664
2020-06-15,1.0,1.3553681725271927
2020-06-16,1.0,1.3672200084804171
2020-06-17,1.0,1.378553761143665
2020-06-18,1.0,1.3854734408712837
2020-06-19,1.0,1.3770210146780701
2020-06-22,1.0,1.4007421240017746
2020-06-23,1.0,1.4104315760375286
2020-06-24,1.0,1.3775931255792695
2020-06-25,1.0,1.3997244993850784
2020-06-26,1.0,1.3606519929552836
2020-06-29,1.0,1.387673307987644
2020-06-30,1.0,1.4347722048776734
2020-07-01,1.0,1.45973836408123
2020-07-02,1.0,1.4976475810425316
2020-07-06,1.0,1.5828527638828702
2020-07-07,1.0,1.5791532493973939
2020-07-08,1.0,1.5979746447941783
2020-07-09,1.0,1.6264232436250015
2020-07-10,1.0,1.678033619000138
2020-07-13,1.0,1.6317267532748605
2020-07-14,1.0,1.6512263888078347
2020-07-15,1.0,1.6517060015670164
2020-07-16,1.0,1.6265256887467312
2020-07-17,1.0,1.6248396490259271
2020-07-20,1.0,1.7155651526909377
2020-07-21,1.0,1.6748545224960962
2020-07-22,1.0,1.6864298696259465
2020-07-23,1.0,1.620755844737155
2020-07-24,1.0,1.5879322990428004
2020-07-27,1.0,1.6492422663458446
2020-07-28,1.0,1.6096074471405237
2020-07-29,1.0,1.6335240952865868
2020-07-30,1.0,1.6396209217665592
2020-07-31,1.0,1.6462368137397203
2020-08-03,1.0,1.6864851475008507
2020-08-04,1.0,1.695036266161981
2020-08-05,1.0,1.7023256898530088
2020-08-06,1.0,1.7193733791791905
2020-08-07,1.0,1.688693270200505
2020-08-10,1.0,1.674865770521871
2020-08-11,1.0,1.6337298447403459
2020-08-12,1.0,1.7329440119785064
2020-08-13,1.0,1.7573925211789465
2020-08-14,1.0,1.767179836674231
2020-08-17,1.0,1.8525575577041569
2020-08-18,1.0,1.883890503531253
2020-08-19,1.0,1.8719924587938146
2020-08-20,1.0,1.928126474212691
2020-08-21,1.0,1.9667477051722329
2020-08-24,1.0,1.9636442220257002
2020-08-25,1.0,1.973942235780853
2020-08-26,1.0,2.037726027605017
2020-08-27,1.0,2.059630873601279
2020-08-28,1.0,2.0690658997832143
2020-08-31,1.0,1.3296345793061985
2020-09-01,0.9987336726362939,1.3483175401494825
2020-09-02,0.9877320500522705,1.3700091127101832
2020-09-03,0.9645357747931136,1.2755049670914065
2020-09-04,0.9678660411325151,1.2614760358933519
2020-09-08,0.9336304453474132,1.1787328347736785
2020-09-09,0.9548776291950232,1.235238396640987
2020-09-10,0.9479216037749273,1.2096713286929837
2020-09-11,0.9457251722876565,1.200376223397356
2020-09-14,0.9638442871450797,1.235018425244592
2020-09-15,0.9750480356213637,1.2597693406558494
2020-09-16,0.9663587271974672,1.2326050023979798
2020-09-17,0.957622617984436,1.2142173397403604
2020-09-18,0.9510430911840168,1.199448514517248
2020-09-21,0.9564672059840272,1.207831574219718
2020-09-22,0.9654537300872955,1.2276355114792656
2020-09-23,0.9319285650927992,1.1731074276479991
2020-09-24,0.9393420039811485,1.1870694332974712
2020-09-25,0.9578199635770748,1.2213901719061038
2020-09-28,0.9715184933869992,1.2451868846008636
2020-09-29,0.967733774912095,1.2438959074774092
2020-09-30,0.9747870125500098,1.258276029848845
2020-10-01,0.9884354442237056,1.2786788613700628
2020-10-02,0.9627140739401033,1.2313432631967143
2020-10-05,0.9786792150623806,1.2665965753867303
2020-10-06,0.9607266000062732,1.24765744198416
2020-10-07,0.9741725117648313,1.270510199358503
2020-10-08,0.9768438943479529,1.2734161217441964
2020-10-09,0.9922043404355728,1.2914382395041606
2020-10-12,1.019344159399759,1.333686401972789
2020-10-13,1.017851291302124,1.335284610783237
2020-10-14,1.0169469806751374,1.3278470301642922
2020-10-15,1.0108255499935603,1.3165624056075147
2020-10-16,1.0031911633102852,1.3046716434356163
2020-10-19,0.9903594512108577,1.2778328278805724
2020-10-20,0.9902734190039906,1.2829941515936898
2020-10-21,0.9883505043160226,1.2792204344255165
2020-10-22,0.9876721653234443,1.2780129640152151
2020-10-23,0.9876809775293085,1.2871808195950867
2020-10-26,0.9833859915299866,1.2617322646492275
2020-10-27,0.9923537206352392,1.2788018841366695
2020-10-28,0.9677334154238564,1.2183196454099996
2020-10-29,0.9804583639835565,1.2450427148791605
2020-10-30,0.9546970174286932,1.2113680789678132
2020-11-02,0.9576236838378299,1.2156456967356495
2020-11-03,0.9771675576596912,1.2449490905413787
2020-11-04,1.0107657264202208,1.303218368292732
2020-11-05,1.0397116370035662,1.3407071322658377
2020-11-06,1.0408175324789997,1.3466002177842975
2020-11-09,1.0150650509485724,1.3009745360739307
2020-11-10,0.9914978758603429,1.2539675815116027
2020-11-11,1.0148209489693698,1.29261648509712
2020-11-12,1.0097775943339726,1.285600627146334
2020-11-13,1.0093157224505631,1.2876185075304227
2020-11-16,1.0159450319393686,1.2974090874909938
2020-11-17,1.0236108552836325,1.302388986366611
2020-11-18,1.0336520001449194,1.3093836587760241
2020-11-19,1.0401478286926766,1.319718501010927
2020-11-20,1.0306831661488107,1.3016058852830596
2020-11-23,1.0381115152415261,1.312275530280503
2020-11-24,1.0404296173929728,1.3306215824803143
2020-11-25,1.0471377661126418,1.348266811994186
2020-11-27,1.0502394869855973,1.3592663748741562
2020-11-30,1.055987479189238,1.3541940314397785
2020-12-01,1.0636130061803144,1.3727836446563313
2020-12-02,1.0646400533011497,1.3720679146524317
2020-12-03,1.060382102447101,1.3722811522769085
2020-12-04,1.0652040397004956,1.381450469744711
2020-12-07,1.0709837274201859,1.400474921351137
2020-12-08,1.0707079001706623,1.400858628102429
2020-12-09,1.0566363729314179,1.3586369912006302
2020-12-10,1.0560549046359433,1.3626737616114322
2020-12-11,1.0545773210995948,1.3600215872272405
2020-12-14,1.0616265772003075,1.3808532636891593
2020-12-15,1.0719221799410166,1.3870482135015947
2020-12-16,1.0769099823494048,1.3936383110020536
2020-12-17,1.0781547944649328,1.4059616797117622
2020-12-18,1.0792105914134462,1.4152517328436751
2020-12-21,1.0777767693309206,1.404698117421928
2020-12-22,1.078912637082424,1.403586616046587
2020-12-23,1.0717014534039986,1.3918686110480378
2020-12-24,1.0733945049776126,1.4010919735895675
2020-12-28,1.0777775070548175,1.416422292369634
2020-12-29,1.0769468388571082,1.4165438214669848
2020-12-30,1.081632472728139,1.4257818850247619
2020-12-31,1.0818405164993414,1.4282765819644554
2021-01-04,1.0773151666433445,1.4182499175292524
2021-01-05,1.0818151987851483,1.4330364579763957
2021-01-06,1.0717320952037535,1.4050274612573983
2021-01-07,1.08740829778965,1.464877391323632
2021-01-08,1.0875674163078277,1.4912337479975952
2021-01-11,1.0915421387456132,1.4637996016967982
2021-01-12,1.0914771514321882,1.4710181621004452
2021-01-13,1.0927603975137428,1.4812588859662472
2021-01-14,1.0893393622603913,1.4621289911168254
2021-01-15,1.0829028367103493,1.4417382057393995
2021-01-19,1.0903062673543784,1.4686141914263413
2021-01-20,1.0952560896003436,1.5095767425810933
2021-01-21,1.1029996637032486,1.5284744649162023
2021-01-22,1.1021018921972834,1.5262177255499192
2021-01-25,1.1020073528475367,1.5413745693554017
2021-01-26,1.10162919544855,1.5429844491671798
2021-01-27,1.093749546167491,1.4995306366536878
2021-01-28,1.096643272351041,1.5032394303409313
2021-01-29,1.0961335819437112,1.4736180631968945
2021-02-01,1.102808882117128,1.5270919924898334
2021-02-02,1.1069768343190027,1.5559440453932627
2021-02-03,1.1021717691079658,1.556243026756349
2021-02-04,1.1044078302498,1.5618814252711726
2021-02-05,1.1025088224418451,1.56396852343148
2021-02-08,1.1052586843975198,1.5885035196372397
2021-02-09,1.1060519928540897,1.5789684502828631
2021-02-10,1.1041694266721778,1.5726817059840403
2021-02-11,1.1075975057021221,1.5899943448198062
2021-02-12,1.1108570580651267,1.5904806704384882
2021-02-16,1.1120120822946404,1.5926995515023759
2021-02-17,1.1092786619650086,1.5834295994151977
2021-02-18,1.109599273672845,1.5776006032792078
2021-02-19,1.1123532460350305,1.5707710053309292
2021-02-22,1.106763093180445,1.512572979641744
2021-02-23,1.1015083654191016,1.50078382582751
2021-02-24,1.112353765611275,1.5283395247817886
2021-02-25,1.0851397003229735,1.4477870274467186
2021-02-26,1.0907019741487782,1.4673398700597453
2021-03-01,1.1103540781621788,1.5095089800990473
2021-03-02,1.097436911096429,1.4760698620664567
2021-03-03,1.0789690005386157,1.423628628692938
2021-03-04,1.057491385489453,1.3927366694614043
2021-03-05,1.0607343755100682,1.403271402638048
2021-03-08,1.0256044854630175,1.3390337582237373
2021-03-09,1.0791010740686624,1.4274377387355817
2021-03-10,1.0736436588824383,1.4191430443882587
2021-03-11,1.099291681925212,1.4653186493877297
2021-03-12,1.093210484726777,1.450219143617877
2021-03-15,1.1073279829893974,1.47205490356888
2021-03-16,1.1076237043670407,1.4745784547470944
2021-03-17,1.1173376669807726,1.4885905184491202
2021-03-18,1.081959983103373,1.426988930685281
2021-03-19,1.0901010756545122,1.4385968243131892
2021-03-22,1.103437955146118,1.4618194936740398
2021-03-23,1.0981646581798994,1.4556183789426005
2021-03-24,1.0795315881787029,1.4240679116322412
2021-03-25,1.0779934146288475,1.4212084893221562
2021-03-26,1.0887160003169774,1.4338685539270322
2021-03-29,1.0849315370296657,1.4327916814105077
2021-03-30,1.0789618442094715,1.4265627253307482
2021-03-31,1.099253842019236,1.4611148538944725
2021-04-01,1.1165304688544897,1.493862504229633
2021-04-05,1.13780969357982,1.5349409239446226
2021-04-06,1.1335040634592788,1.527926069687348
2021-04-07,1.1296986269338636,1.5370698088900971
2021-04-08,1.1359368795570803,1.5536384461679602
2021-04-09,1.1361609886618083,1.5643590936675953
2021-04-12,1.14082895414788,1.588324780102384
2021-04-13,1.1557402950160178,1.6265245043671168
2021-04-14,1.144303467484431,1.5934821696579387
2021-04-15,1.147966847255576,1.6300115537084416
2021-04-16,1.1483277883479528,1.6266428430536173
2021-04-19,1.140042060525842,1.5949461521405754
2021-04-20,1.1377614825700133,1.584575210236871
2021-04-21,1.1404072675543278,1.602784838491512
2021-04-22,1.1361232715368281,1.5699877443013632
2021-04-23,1.1434078065399496,1.5999963423434855
2021-04-26,1.146035830122205,1.617237140020137
2021-04-27,1.1440658211523334,1.6002710698749893
2021-04-28,1.1359978441454757,1.5943879281077753
2021-04-29,1.13749315818871,1.5955085635269362
2021-04-30,1.133117339396439,1.5886547324027596
2021-05-03,1.1304049362044435,1.566757049955904
2021-05-04,1.1252859455420576,1.5337091809989793
2021-05-05,1.1240804321879971,1.5317287450799282
2021-05-06,1.1282893744042766,1.541646019919132
2021-05-07,1.1318231819802416,1.5563022472764467
2021-05-10,1.1213945340833715,1.5014096713569707
2021-05-11,1.1193420903666171,1.4991617932869825
2021-05-12,1.0967885379000928,1.4485814767887828
2021-05-13,1.0990062552309026,1.45231299040216
2021-05-14,1.1214744103626544,1.4924572136818182
2021-05-17,1.116938277422724,1.4870521408181254
2021-05-18,1.1094720571141543,1.4729109893660504
2021-05-19,1.1098851743685636,1.473719380066674
2021-05-20,1.1309072107141158,1.5094995060802014
2021-05-21,1.1295832082896067,1.5081532635189743
2021-05-24,1.1447806517138215,1.5508581475945569
2021-05-25,1.1458336020373026,1.553273893419673
2021-05-26,1.149863165780724,1.561785655181099
2021-05-27,1.1524494604867654,1.5566495866650907
2021-05-28,1.152909800489443,1.5737314878074184
2021-06-01,1.150602742785267,1.5720101782845097
2021-06-02,1.1467245195083495,1.5807445182561584
2021-06-03,1.1355148749277173,1.5625560760410164
2021-06-04,1.1463197059411858,1.6021538699415399
2021-06-07,1.149485720562867,1.6031554163254518
2021-06-08,1.151464010913869,1.6025436345782267
2021-06-09,1.1518311591486057,1.6021385672413493
2021-06-10,1.1604340201614038,1.6203489544641367
2021-06-11,1.1606912246280188,1.6311465624423036
2021-06-14,1.1638044720152252,1.6486267350948225
2021-06-15,1.158300592549559,1.6308432016908974
2021-06-16,1.1589583801512509,1.6314174636405312
2021-06-17,1.16423925698207,1.6693948037778275
2021-06-18,1.1648488659282905,1.6622592855594946
2021-06-21,1.1664624583857555,1.6616840346153126
2021-06-22,1.1691543021419706,1.6818305905645612
2021-06-23,1.1769564116065034,1.696887903065716
2021-06-24,1.1835772039331662,1.7074287465657074
2021-06-25,1.1822564174923582,1.6919554248369977
2021-06-28,1.1848174747799765,1.732306028066581
2021-06-29,1.1866725108693863,1.7354757750750187
2021-06-30,1.186326422046735,1.7332811643565713
2021-07-01,1.1868109463984469,1.7354596008553824
2021-07-02,1.1909986211525252,1.760087818434421
2021-07-06,1.1910055429289783,1.7763113156983739
2021-07-07,1.1925767861838144,1.7673074899955254
2021-07-08,1.1908394202941057,1.7560427057152328
2021-07-09,1.191199352669663,1.7666539287152
2021-07-12,1.1907702025295757,1.7918183671249008
2021-07-13,1.1933035727113819,1.7805587209472178
2021-07-14,1.1943626045086941,1.7699478100678812
2021-07-15,1.1933381815936468,1.7382881462307027
2021-07-16,1.1931443718529624,1.7072329862856033
2021-07-19,1.1905556274595317,1.709568101899088
2021-07-20,1.19215455782018,1.3881223938746083
2021-07-21,1.2014077204493743,1.4009595048747774
2021-07-22,1.2065314898637605,1.4095404415981119
2021-07-23,1.2086143198564407,1.4253623046717177
2021-07-26,1.205541084351285,1.4331474779654252
2021-07-27,1.2029423876229557,1.412051482594632
2021-07-28,1.2056754558624256,1.4234681416112598
2021-07-29,1.207461726107072,1.4349752180345468
2021-07-30,1.204728641247609,1.4138457907160051
2021-08-02,1.2072076673885341,1.4228001882111874
2021-08-03,1.2111451034889444,1.4313014184273487
2021-08-04,1.2147584206268074,1.4322161387461603
2021-08-05,1.2215143266773438,1.4422327864235964
2021-08-06,1.2172450246059812,1.4305712615158672
2021-08-09,1.215602123736322,1.4358755521605888
2021-08-10,1.2096654085033356,1.4276835094590343
2021-08-11,1.206252079301868,1.423448114074297
2021-08-12,1.210850110758335,1.436532730782589
2021-08-13,1.2153241578768275,1.4405732249052434
2021-08-16,1.2143964922014088,1.4338506389631962
2021-08-17,1.2056367666270933,1.4104133309959868
2021-08-18,1.1978377560970834,1.401837447942302
2021-08-19,1.2089536262619556,1.4082207772697977
2021-08-20,1.225475486249451,1.4292934301077713
2021-08-23,1.243306088008609,1.459360525196033
2021-08-24,1.2417765098431484,1.4623555074409804
2021-08-25,1.2460492284721312,1.4667015548981843
2021-08-26,1.2443491350040023,1.4604830859068116
2021-08-27,1.2562869746061076,1.48090477840631
2021-08-30,1.26279039675655,1.5010577066807456
2021-08-31,1.2609713724802742,1.501899575887107
2021-09-01,1.261897837375438,1.5018754475051364
2021-09-02,1.2608068718036824,1.4952011263373173
2021-09-03,1.265276867293084,1.5031844526613043
2021-09-07,1.2627995758025432,1.511811981275217
2021-09-08,1.2595853427496404,1.5084894335865933
2021-09-09,1.255913989990981,1.5009071338475781
2021-09-10,1.2578626943523885,1.4881036281390938
2021-09-13,1.2554836369315103,1.4923089556497682
2021-09-14,1.2583231270764481,1.496342153923534
2021-09-15,1.262796312644219,1.5149668578371482
2021-09-16,1.2620816516904392,1.5131713986354907
2021-09-17,1.2549532088833246,1.4975081559781327
2021-09-20,1.2432156006781239,1.4593139949779363
2021-09-21,1.2444563170093184,1.4618882319189834
2021-09-22,1.2582588424862924,1.4843155419775071
2021-09-23,1.2671359430247484,1.4957356197123097
2021-09-24,1.2635433558655855,1.5031700651442625
2021-09-27,1.2532169665303028,1.497051935174938
2021-09-28,1.228274344031202,1.4517966328812992
2021-09-29,1.2251627553899438,1.44794091548397
2021-09-30,1.2228449832285004,1.4400668150767604
2021-10-01,1.2322834177426663,1.453991552622123
2021-10-04,1.2017166229636262,1.4249685470345008
2021-10-05,1.2228902339488266,1.446380006595986
2021-10-06,1.234439259332375,1.4606666544542395
2021-10-07,1.2466785372097113,1.4774517587938547
2021-10-08,1.243327055671165,1.4727737872599083
2021-10-11,1.238139133921796,1.4682807199091366
2021-10-12,1.2300799740217303,1.4626974679656688
2021-10-13,1.2375474582291466,1.4738648615005647
2021-10-14,1.26285543223513,1.5023593543277183
2021-10-15,1.2741865621204997,1.5242393977909308
2021-10-18,1.28486061783123,1.5447582273994231
2021-10-19,1.2887492595885561,1.5489896529231981
2021-10-20,1.2850090126169853,1.5421955391243773
2021-10-21,1.2935731386103149,1.5620051433253048
2021-10-22,1.2872610899995638,1.5496702204147843
2021-10-25,1.2906763569168243,1.5911521840742768
2021-10-26,1.3096345280735917,1.6136444119815774
2021-10-27,1.326049025117404,1.6407944760068243
2021-10-28,1.3264592499071772,1.6657035759555867
2021-10-29,1.333915166581355,1.6867878374939715
2021-11-01,1.324370525122066,1.702152905612562
2021-11-02,1.3288328762976265,1.7049042964783927
2021-11-03,1.3343834617868815,1.7315932018332634
2021-11-04,1.3426948416671307,1.771167335607439
2021-11-05,1.3428979114878463,1.777038072327129
2021-11-08,1.3437391199277722,1.7622188359691286
2021-11-09,1.3428951420884654,1.7201195474162938
2021-11-10,1.335993164177094,1.7043846553746245
2021-11-11,1.3369813038527103,1.711834133422098
2021-11-12,1.3431627926734788,1.7201732016131162
2021-11-15,1.3424635422840596,1.7129793348064315
2021-11-16,1.3442091743723537,1.7310525104467585
2021-11-17,1.3441278714686011,1.7390297317735521
2021-11-18,1.347592490899888,1.776946177716743
2021-11-19,1.3478599543322969,1.79509539714685
2021-11-22,1.342694191211606,1.7727035729008287
2021-11-23,1.340632325483757,1.7541343407740457
2021-11-24,1.3411644172204793,1.7647641707263209
2021-11-26,1.3311243887266302,1.7174090492814038
2021-11-29,1.339628088284638,1.7738038074583937
2021-11-30,1.3314393044628459,1.7528404397317732
2021-12-01,1.3301529634405342,1.722167875677884
2021-12-02,1.3318567131001167,1.724318575361382
2021-12-03,1.3263073335663176,1.6829087157137914
2021-12-06,1.329781036858783,1.6897834484448766
2021-12-07,1.3451815269228002,1.7558302476997187
2021-12-08,1.3462210296985089,1.7609542591071714
2021-12-09,1.3422537776745267,1.723040913609163
2021-12-10,1.3471492460353258,1.7556105009132763
2021-12-13,1.3398235766038273,1.7091552259850313
2021-12-14,1.3295549625659724,1.6893581185521123
2021-12-15,1.3439531344261826,1.7384770868289117
2021-12-16,1.3219538818545513,1.6784709755040008
2021-12-17,1.3203549330103432,1.677722037232251
2021-12-20,1.3088726600792593,1.662071278343518
2021-12-21,1.326137373711774,1.7005187545322158
2021-12-22,1.3461932466932451,1.7433716705709945
2021-12-23,1.3577883677241824,1.7710792972343534
2021-12-27,1.367419682492783,1.800784352832576
2021-12-28,1.3653368884160066,1.79030369347312
2021-12-29,1.3638750023513775,1.7876356854839308
2021-12-30,1.3582533229166631,1.771878354985797
2021-12-31,1.3503552193147719,1.7577958465769346
2022-01-03,1.377806000556418,1.8151346936127284
2022-01-04,1.3615644689505773,1.7851108694596138
2022-01-05,1.331668416822487,1.710189981712165
2022-01-06,1.3247395883349038,1.6978563205474504
2022-01-07,1.308419667168252,1.6695034853267734
2022-01-10,1.3159801003515934,1.6837070858798793
2022-01-11,1.3264167113494596,1.698736751879523
2022-01-12,1.3391759104590517,1.7201277979785938
2022-01-13,1.2972590242033764,1.6503500312167951
2022-01-14,1.3092601583160526,1.6666425520129038
2022-01-18,1.2844521451678195,1.625492781992696
2022-01-19,1.2627056160389567,1.5959413375403797
2022-01-20,1.2408884048909286,1.5703810590237894
2022-01-21,1.2033515559158066,1.5162428797853755
2022-01-24,1.2058178598627176,1.5190487529130483
2022-01-25,1.1758245572212278,1.482838367074814
2022-01-26,1.1983005996733962,1.5123897678280283
2022-01-27,1.1693882707586252,1.4681710660495935
2022-01-28,1.2117903478225227,1.5154963272505289
2022-01-31,1.2649192389845065,1.5837611062790333
2022-02-01,1.2703621153696827,1.5911500787649409
2022-02-02,1.2903164843951822,1.616504936404402
2022-02-03,1.2448085005828122,1.553751955443726
2022-02-04,1.2792970940393762,1.6034149561746547
2022-02-07,1.2754220863940453,1.5865416167544677
2022-02-08,1.2947953778226575,1.609618151738075
2022-02-09,1.3202074787947409,1.6382203976290353
2022-02-10,1.288415972885994,1.5956798556940381
2022-02-11,1.2436877061169602,1.5359401190796222
2022-02-14,1.254531003733657,1.5508475578148742
2022-02-15,1.3008374405399956,1.601336050383242
2022-02-16,1.3012720666975663,1.6030607907702468
2022-02-17,1.2497722658099188,1.5418509704639536
2022-02-18,1.2311313735181275,1.5199193660128654
2022-02-22,1.2158729040215996,1.4990738207157297
2022-02-23,1.1754990448278608,1.4471984095773007
2022-02-24,1.2243960796996827,1.5085507750806038
2022-02-25,1.240898736077813,1.5283302921280222
2022-02-28,1.2548448768102425,1.5518953970826683
2022-03-01,1.231470244581877,1.5267506326999007
2022-03-02,1.2545285441744707,1.55196105677477
2022-03-03,1.2321373157678852,1.5206754960913729
2022-03-04,1.2197035656891881,1.5090126273970446
2022-03-07,1.1645942572087624,1.4417362501359803
2022-03-08,1.1669011866334138,1.4473518360694686
2022-03-09,1.2183836310995808,1.509068050686879
2022-03-10,1.2089947882008298,1.5005537329105805
2022-03-11,1.181471804776686,1.464591972564627
2022-03-14,1.151319459459491,1.4270392158669323
2022-03-15,1.2019605291256288,1.4864059479369682
2022-03-16,1.247076986415091,1.5403067157031889
2022-03-17,1.2597065996341978,1.5589767511397146
2022-03-18,1.2966794874661247,1.6007147841467582
2022-03-21,1.2987422100689228,1.603431853167495
2022-03-22,1.3257016147977387,1.649784115413599
2022-03-23,1.3191314413461572,1.631930829826164
2022-03-24,1.3319395811874515,1.6769974724308399
2022-03-25,1.331422594663366,1.6761008851575414
2022-03-28,1.3362816817333878,1.7205325238830897
2022-03-29,1.3360666221389923,1.7379752304180354
2022-03-30,1.3360666221389923,1.718105522483037
2022-03-31,1.3360666221389923,1.692227802472755
2022-04-01,1.3360666221389923,1.6938863656148029
2022-04-04,1.3360666221389923,1.7414341154181923
2022-04-05,1.3360666221389923,1.6890718860030354
2022-04-06,1.3360666221389923,1.6314448938796315
2022-04-07,1.3360666221389923,1.6335149685290387
2022-04-08,1.3360666221389923,1.594048073584577
2022-04-11,1.3236583324974276,1.5407804256345377
2022-04-12,1.3152255917164735,1.5392001642718598
2022-04-13,1.3293468745050265,1.5763865893834337
2022-04-14,1.3097643285593368,1.5283336889457444
2022-04-18,1.3215966627278368,1.5475784724748824
2022-04-19,1.3368348768882015,1.5811521789645497
2022-04-20,1.327838567788594,1.5505696839190766
2022-04-21,1.3043151965018518,1.5304706173567162
2022-04-22,1.2787415162964828,1.4977095578075397
2022-04-25,1.2954048536866498,1.5143336836924097
2022-04-26,1.2461672228192964,1.4234768404913023
2022-04-27,1.2454579285129372,1.4232291453945014
2022-04-28,1.2904846387635431,1.466205951994825
2022-04-29,1.2234844558653049,1.3923193173335753
2022-05-02,1.2573759786031944,1.4304272777127
2022-05-03,1.2613210870332756,1.434596177241611
2022-05-04,1.306735822464597,1.4865311007748827
2022-05-05,1.23034789671768,1.3988465717682463
2022-05-06,1.2228662909727952,1.3892230409044122
2022-05-09,1.1598017075076332,1.3179896266270907
2022-05-10,1.1846857956616574,1.3438872913641746
2022-05-11,1.13717375985343,1.291212888098396
2022-05-12,1.1262798686285025,1.2827514482903541
2022-05-13,1.1761935859289225,1.3362727879854859
2022-05-16,1.1548973466599304,1.309019473282913
2022-05-17,1.1967178232675064,1.3556976656686506
2022-05-18,1.1264327189786552,1.2771573190377676
2022-05-19,1.11290032749774,1.262001708530292
2022-05-20,1.0966749933113267,1.2399158058964883
2022-05-23,1.1089203689997023,1.2524805789267621
2022-05-24,1.0769229965222276,1.2126273946204527
2022-05-25,1.0992442036932064,1.2373195048933094
2022-05-26,1.1382051231837864,1.2823967207776839
2022-05-27,1.1924536339056122,1.344684428419931
2022-05-31,1.1953729282754293,1.351046048238478
2022-06-01,1.1879012290304771,1.3430437381398932
2022-06-02,1.2219467614981063,1.3801571854536203
2022-06-03,1.1773885326739844,1.3272751993051348
2022-06-06,1.051034990060819,1.1596957341875505
2022-06-07,1.063019209464048,1.1714544950399552
2022-06-08,1.0566139028021106,1.1671267225710817
2022-06-09,1.02890720890041,1.1264562808891276
2022-06-10,0.9935568375304737,1.084205322678156
2022-06-13,0.948058298195037,1.0264228473358628
2022-06-14,0.9557392434039114,1.0351298358111576
2022-06-15,0.9810554804039224,1.0683296859057623
2022-06-16,0.9391309491535826,1.0143521194363077
2022-06-17,0.9483842994277693,1.0264214677634749
2022-06-21,0.9793256848919099,1.0598415496296962
2022-06-22,0.9734924134109016,1.0533745949495419
2022-06-23,0.9791760626999497,1.0612238720920502
2022-06-24,1.012307615795611,1.1068177036083264
2022-06-27,1.003993451428512,1.0967154959905179
2022-06-28,0.9736679917757265,1.0569384928995684
2022-06-29,0.9685704944908435,1.0533338338816924
2022-06-30,0.9539252217700432,1.0353319871889024
2022-07-01,0.9505207858648306,1.0333995454543046
2022-07-05,0.9665873623217687,1.0578666861864865
2022-07-06,0.9744355208208807,1.066715963090074
2022-07-07,1.0021257470688445,1.100449628439187
2022-07-08,1.0058742789865045,1.1056361011200404
2022-07-11,0.9817802526845032,1.0658577062720038
2022-07-12,0.9735568330367774,1.0528549373340885
2022-07-13,0.9755577279722019,1.0513442769801367
2022-07-14,0.982426069181594,1.0514832111163437
2022-07-15,0.9934449484247235,1.0688983502769518
2022-07-18,0.993779982115466,0.8740722323243064
2022-07-19,1.0140826315667764,0.9022964783066825
2022-07-20,1.0252853944490452,0.9175897955182276
2022-07-21,1.0436005860874047,0.945423552829812
2022-07-22,1.0384668691780798,0.9258943730091218
2022-07-25,1.0375995069424506,0.9177004785091813
2022-07-26,1.032028818822089,0.8943208124206973
2022-07-27,1.0491701142495162,0.9447464303307733
2022-07-28,1.0562883681802935,0.9536882442950948
2022-07-29,1.057376429808003,0.9749518102057788
2022-08-01,1.0572137895170035,0.9747744827464473
2022-08-02,1.057153005146675,0.9731150024120535
2022-08-03,1.057417886630383,1.0019561035597482
2022-08-04,1.0575686121015229,1.009259789998168
2022-08-05,1.0574811419100745,0.9864196008113741
2022-08-08,1.0574124506297844,0.9796712359886894
2022-08-09,1.0573343698939155,0.9651003558389181
2022-08-10,1.057574542283994,1.0012048732505183
2022-08-11,1.057473235000113,0.9889635317533108
2022-08-12,1.0576170419250366,1.0174055787322354
2022-08-15,1.0575987571957508,1.029413184757574
2022-08-16,1.057677826295365,1.0218270412854258
2022-08-17,1.057545385553511,1.007731287808366
2022-08-18,1.0575552691909629,1.0156110076398661
2022-08-19,1.057354137168819,0.9921919754289296
2022-08-22,1.0571065520506515,0.9623112265131334
2022-08-23,1.0571263193255551,0.966689256647751
2022-08-24,1.0571352145992616,0.9689505072533015
2022-08-25,1.057307189890923,0.8147769709485231
2022-08-26,1.0531149952564647,0.7756938703009824
2022-08-29,1.0515402296894134,0.7646839703728734
2022-08-30,1.0464314859544988,0.7535941040364789
2022-08-31,1.0414990651211757,0.7500698974285711
2022-09-01,1.038962256854293,0.743073077064564
2022-09-02,1.035712489219804,0.7348369549399416
2022-09-06,1.0349515919077077,0.7302125941348223
2022-09-07,1.0463106646812483,0.7429746007763348
2022-09-08,1.0504845718579994,0.7494340505639305
2022-09-09,1.0657319355387083,0.7696742014262359
2022-09-12,1.0768918208138096,0.7785742894266376
2022-09-13,1.0436986497465408,0.7306069655082723
2022-09-14,1.0525976843705385,0.7362279837676222
2022-09-15,1.0421167592289875,0.7232171062116508
2022-09-16,1.0408715616526871,0.7218185821680618
2022-09-19,1.0462457854491731,0.7268594633396464
2022-09-20,1.0433015138593364,0.7200292416141336
2022-09-21,1.030497516641737,0.7067797321191254
2022-09-22,1.0236902181871468,0.6994738829248244
2022-09-23,1.0101261031764324,0.6865843323737217
2022-09-26,1.0081298731597832,0.6798614383490509
2022-09-27,1.0123182840773859,0.6819585193706719
2022-09-28,1.016858590911684,0.6937210177278683
2022-09-29,0.9934348780413841,0.669374926831326
2022-09-30,0.9831508548810404,0.6595827916418462
2022-10-03,0.9860439969491359,0.6701624638427552
2022-10-04,1.0064828412494515,0.694174774273699
2022-10-05,1.0047003588548535,0.6932641212878602
2022-10-06,0.9990610075704933,0.6877571246987597
2022-10-07,0.9719478893307414,0.6540801605677022
2022-10-10,0.9604231071478281,0.6394517815309115
2022-10-11,0.9510254648755165,0.6271339511926212
2022-10-12,0.951054722060464,0.626199053562859
2022-10-13,0.9653674224584216,0.6433169778553571
2022-10-14,0.9457318415761142,0.6210866191735109
2022-10-17,0.9651646260172028,0.6462778554277011
2022-10-18,0.9672285988360072,0.6474366308880422
2022-10-19,0.9669049794992455,0.6471707872391824
2022-10-20,0.9575993902821928,0.6401247002719027
2022-10-21,0.9754105718972417,0.6567578317843327
2022-10-24,0.981676892392828,0.664019198182092
2022-10-25,0.9928796086352142,0.6814690139102842
2022-10-26,0.9784308886803263,0.6579254473797349
2022-10-27,0.9695234153163654,0.6296091885320252
2022-10-28,0.9921463647219819,0.6532002821903473
2022-10-31,0.9879445236680213,0.641842676726974
2022-11-01,0.9842779080575418,0.6377464028783686
2022-11-02,0.9682109242718946,0.6153133623232354
2022-11-03,0.9598922309347826,0.6031153116742535
2022-11-04,0.9683236363242692,0.6199032882316282
2022-11-07,0.9719758179052775,0.6309275601174171
2022-11-08,0.9729589365356568,0.6343390982959762
2022-11-09,0.9546236660362095,0.6188309706333704
2022-11-10,0.9981936693515576,0.6750442143228279
2022-11-11,1.0060399989228408,0.6897151342315384
2022-11-14,0.9984977083646761,0.6818826829248885
2022-11-15,1.0020109135947537,0.6924485266782581
2022-11-16,0.9971295640007749,0.6780054422774663
2022-11-17,0.9969671478146849,0.675210153789555
2022-11-18,0.9957377803833241,0.6742857639266764
2022-11-21,0.9875192696877142,0.6686265234624724
2022-11-22,0.9925004514538835,0.6823418530302536
2022-11-23,1.0013001335733804,0.6931893854134679
2022-11-25,0.9982745000721918,0.6883424738399379
2022-11-28,0.994831198507673,0.675108111233738
2022-11-29,0.9910367520792851,0.6711038710753249
2022-11-30,1.0038873681092437,0.7143669746073593
2022-12-01,1.0040877580969962,0.7166504977139656
2022-12-02,1.0036451707379175,0.7134698925179903
2022-12-05,0.9966335340137887,0.6992838038112829
2022-12-06,0.9919235992527391,0.6818477713572386
2022-12-07,0.9874628166322948,0.6763182357099273
2022-12-08,0.9888136604195996,0.6905200911494043
2022-12-09,0.99093104155787,0.6950422614185501
2022-12-12,0.9878531882096864,0.7049987975388973
2022-12-13,0.985621524811654,0.7192631840581987
2022-12-14,0.9816059432967106,0.717462188998748
2022-12-15,0.9758237713139184,0.6941106856782993
2022-12-16,0.9705301306643215,0.6870981628594671
2022-12-19,0.9682923393799522,0.674994019514999
2022-12-20,0.9626051819441219,0.6712970538325631
2022-12-21,0.9654084163668742,0.6853973179449759
2022-12-22,0.9566580089304415,0.6642844295155219
2022-12-23,0.9553698862164488,0.6638180779601028
2022-12-27,0.9470527219646003,0.6512727394656476
2022-12-28,0.9439700882076658,0.6439116741360325
2022-12-29,0.9579553339507413,0.6645802772174504
2022-12-30,0.9589936372543937,0.6647739828319859
2023-01-03,0.9442931554766485,0.6576252243777346
2023-01-04,0.9529084580383944,0.6581449267536527
2023-01-05,0.9394077656612378,0.6462017331791733
2023-01-06,0.9536039321875398,0.6693857488346304
2023-01-09,0.9675796259959676,0.6725651383497456
2023-01-10,0.9722464613885831,0.677182870741329
2023-01-11,0.9831764408282953,0.6872694162709525
2023-01-12,0.9910551602562699,0.6961692235506327
2023-01-13,0.9920678281694689,0.6982975950720416
2023-01-17,0.9982016616268747,0.7052653985080306
2023-01-18,0.9929269150025953,0.695384428803721
2023-01-19,0.9893637143982417,0.6866266479207805
2023-01-20,1.0007426292252304,0.7073796440277557
2023-01-23,1.0102237216005732,0.7276562767791273
2023-01-24,1.0097634603564076,0.7292028776026451
2023-01-25,1.0089597016903131,0.7272382758792062
2023-01-26,1.0218152293084515,0.7502473352548371
2023-01-27,1.0298665669539224,0.7596883153233371
2023-01-30,1.0297834749176271,0.7374825707671326
2023-01-31,1.0297834749176271,0.7488694314035917
2023-02-01,1.0297834749176271,0.7728692501141272
2023-02-02,1.0297834749176271,0.8168869719052287
2023-02-03,1.0297834749176271,0.80529924394803
2023-02-06,1.0297834749176271,0.8051043568216347
2023-02-07,1.0297834749176271,0.8302643766192586
2023-02-08,1.0297834749176271,0.8185560492831188
2023-02-09,1.0297834749176271,0.8129859747200321
2023-02-10,1.0297834749176271,0.7989927574060293
2023-02-13,1.0297834749176271,0.815412248644118
2023-02-14,1.0297834749176271,0.8267238218679218
2023-02-15,1.0297834749176271,0.8265759475980808
2023-02-16,1.0297834749176271,0.8064995672244473
2023-02-17,1.0297834749176271,0.7996674220802555
2023-02-21,1.0297834749176271,0.7803840066837295
2023-02-22,1.0297834749176271,0.7785225762243091
2023-02-23,1.0297834749176271,0.8002929555015865
2023-02-24,1.0297834749176271,0.7875967142274737
2023-02-27,1.0297834749176271,0.7955679323639093
2023-02-28,1.0297834749176271,0.7998813623553087
2023-03-01,1.0297834749176271,0.7915828369145193
2023-03-02,1.0297834749176271,0.7982311256131047
2023-03-03,1.0297834749176271,0.8294589850476005
2023-03-06,1.0297834749176271,0.8288306627788745
2023-03-07,1.0297834749176271,0.8192209003328441
2023-03-08,1.0297834749176271,0.8255223908149687
2023-03-09,1.0297834749176271,0.8106889395631348
2023-03-10,1.0297834749176271,0.7998962670640923
2023-03-13,1.0297834749176271,0.8069074525984785
2023-03-14,1.0297834749176271,0.8369380811162085
2023-03-15,1.0297834749176271,0.8410937969824329
2023-03-16,1.0297834749176271,0.8681388598436881
2023-03-17,1.0297834749176271,0.8616666855026004
2023-03-20,1.0297834749176271,0.8651965003988964
2023-03-21,1.0297834749176271,0.873691714895208
2023-03-22,1.0297834749176271,0.8673379161220192
2023-03-23,1.0297834749176271,0.8825157659173546
2023-03-24,1.0297834749176271,0.8825933137987911
2023-03-27,1.0297834749176271,0.8715780818492584
2023-03-28,1.0297834749176271,0.8665488871138192
2023-03-29,1.0297834749176271,0.8800235526115081
2023-03-30,1.0297834749176271,0.8908857949845248
2023-03-31,1.0297834749176271,0.9069918697505625
2023-04-03,1.0297834749176271,0.9051083516137791
2023-04-04,1.0297834749176271,0.8996709192350226
2023-04-05,1.0297834749176271,0.8871457521832337
2023-04-06,1.0297834749176271,0.8949421866070797
2023-04-10,1.0297834749176271,0.8955429280771111
2023-04-11,1.0297834749176271,0.885336253784725
2023-04-12,1.0297834749176271,0.8782422391013052
2023-04-13,1.0297834749176271,0.8946399620106725
2023-04-14,1.0297834749176271,0.8919812839869343
2023-04-17,1.0297834749176271,0.896919336823549
2023-04-18,1.0297834749176271,0.9008734145748889
2023-04-19,1.0297834749176271,0.9011731868352804
2023-04-20,1.0297834749176271,0.887230746570723
2023-04-21,1.0297834749176271,0.887014938111154
2023-04-24,1.0297834749176271,0.8834722777813714
2023-04-25,1.0297834749176271,0.864314132242306
2023-04-26,1.0297834749176271,0.8806929539587083
2023-04-27,1.0297834749176271,0.9146116845558889
2023-04-28,1.0320052747063901,0.9249750222438988
2023-05-01,1.0354067590592024,0.9350889451550957
2023-05-02,1.027798722877934,0.9177724095113331
2023-05-03,1.0280542055454813,0.9133357399704706
2023-05-04,1.027151104022988,0.9087459212493689
2023-05-05,1.0330806784930435,0.931886935250466
2023-05-08,1.0327657812516478,0.9333919892099056
2023-05-09,1.0296316624811523,0.9235900268531585
2023-05-10,1.0319369479464646,0.9333749561659388
2023-05-11,1.0323528499634023,0.9341259216382392
2023-05-12,1.033386663548362,0.9302800418170285
2023-05-15,1.0359563438672987,0.9399287829864504
2023-05-16,1.0364435433728545,0.9441347977756196
2023-05-17,1.0412056214667917,0.9622802732784228
2023-05-18,1.0472748201853908,0.9867153247808242
2023-05-19,1.0485670871665902,0.9861412470029933
2023-05-22,1.0474144444339342,0.9904733922314548
2023-05-23,1.0498296468608657,0.9831744307497415
2023-05-24,1.047759048962254,0.9795181317232506
2023-05-25,1.0623958292297708,1.0502090270859843
2023-05-26,1.0873291551451896,1.103543229165206
2023-05-30,1.0845396409030141,1.1081068513306436
2023-05-31,1.0859121175589088,1.0979740271248652
2023-06-01,1.0805618351838737,1.1121457853598222
2023-06-02,1.0871122919506435,1.1229976923495832
2023-06-05,1.0842306851190033,1.1186942210420998
2023-06-06,1.0805766888273358,1.1104151470369164
2023-06-07,1.0813579904734403,1.0917424364057888
2023-06-08,1.0847951235705615,1.108049935023221
2023-06-09,1.084919894175643,1.113897619453716
2023-06-12,1.0999933715609445,1.1484535047361821
2023-06-13,1.0987337825953616,1.159319039385259
2023-06-14,1.10914915739096,1.186633966355858
2023-06-15,1.1083322070005466,1.1986839413321149
2023-06-16,1.1037810506437704,1.1885380821197848
2023-06-20,1.1037572848142312,1.1973115745690044
2023-06-21,1.0977059104677866,1.1750289956095732
2023-06-22,1.0961522193616549,1.1832333955557806
2023-06-23,1.0901275815734421,1.1674959845849973
2023-06-26,1.0899731036814369,1.141509904357016
2023-06-27,1.0979257443910253,1.172789126070415
2023-06-28,1.0977890908711743,1.1708634919402163
2023-06-29,1.102135266948174,1.1721558448582936
2023-06-30,1.1035790410926865,1.1930065971564865
2023-07-03,1.1062556676445503,1.1990662415475946
2023-07-05,1.1019243452110128,1.1991920344740152
2023-07-06,1.097806915243329,1.1917056031340458
2023-07-07,1.0974355741567774,1.1881140553723575
2023-07-10,1.1066388916458716,1.1939605078801332
2023-07-11,1.107922246440994,1.2001557511166028
2023-07-12,1.1102691221079999,1.2238454604846376
2023-07-13,1.1103909219843886,1.244610184571939
2023-07-14,1.1098621322771391,1.2413756456430514
2023-07-17,1.1163294086405213,1.2603993187103535
2023-07-18,1.114273664385372,1.2754008103093752
2023-07-19,1.1136616942747348,1.2716621077524568
2023-07-20,1.1097908347885213,1.2332706963377105
2023-07-21,1.1122892176188404,1.2209434662634522
2023-07-24,1.113727050305968,1.2266636567600764
2023-07-25,1.1185990453615247,1.2444407028844033
2023-07-26,1.1112019309174173,1.2267846567606981
2023-07-27,1.1113326429798835,1.229705181167058
2023-07-28,1.1131923191413338,1.256623981181046
2023-07-31,1.1128536560703988,1.250147213790866
2023-08-01,1.1191961618286996,1.2579523001147894
2023-08-02,1.1109672433507167,1.2191637047590453
2023-08-03,1.1087926699478707,1.2171719698593235
2023-08-04,1.1078034172932973,1.2112051624010753
2023-08-07,1.1100674041137164,1.22527383692128
2023-08-08,1.1065991329520195,1.2098633091298703
2023-08-09,1.0935183591187174,1.1751267090652509
2023-08-10,1.0914315779459483,1.1730037844016272
2023-08-11,1.086326540634786,1.154763948781645
2023-08-14,1.108373282942848,1.1849090913982583
2023-08-15,1.1008405118367361,1.173671902948352
2023-08-16,1.0919953375470886,1.1584969987675764
2023-08-17,1.083656971133267,1.1436005480173437
2023-08-18,1.0819196964209072,1.140161812852196
2023-08-21,1.1224754858899781,1.1885594799307255
2023-08-22,1.1147116460924738,1.1782248384132523
2023-08-23,1.1369170769153163,1.2049435492693668
2023-08-24,1.1176881576946676,1.1816196018852263
2023-08-25,1.117297932297555,1.1796382176626967
2023-08-28,1.1274506367685333,1.1920991034241866
2023-08-29,1.1599565958289386,1.2297680576542727
2023-08-30,1.1641407142958526,1.2330305241994466
2023-08-31,1.1739759148410285,1.245762637999836
2023-09-01,1.1525188817109888,1.2196833812202634
2023-09-05,1.1610859901497719,1.229506727089942
2023-09-06,1.1472479369075435,1.2162116392131044
2023-09-07,1.1332303272747986,1.201264738763195
2023-09-08,1.1318470430361072,1.2003605722420727
2023-09-11,1.146237193343845,1.216497055927682
2023-09-12,1.1302173296409908,1.197100675861123
2023-09-13,1.1392720888731085,1.2098177162264825
2023-09-14,1.152368203297792,1.226283528306335
2023-09-15,1.1279256060027976,1.1943029049934122
2023-09-18,1.127010846152333,1.1932466012992617
2023-09-19,1.1268050795232862,1.1926474531529887
2023-09-20,1.1048101993106472,1.1657760239880965
2023-09-21,1.0867734427112197,1.143811106820831
2023-09-22,1.0925827768358576,1.1524325046039912
2023-09-25,1.0995649486239454,1.1604575140468054
2023-09-26,1.084998852618817,1.1433726320129398
2023-09-27,1.0872098397413494,1.1446836730957093
2023-09-28,1.1018469977873466,1.160674038468401
2023-09-29,1.1029922173433793,1.1626288714227817
2023-10-02,1.122292605226042,1.1821212809081036
2023-10-03,1.0985475940108032,1.1546837687307467
2023-10-04,1.1177248044887613,1.1735642227645402
2023-10-05,1.1208342847752328,1.1768430022633263
2023-10-06,1.1459106704896918,1.2056867168569834
2023-10-09,1.1512209739964259,1.2117102355538671
2023-10-10,1.1556897184305845,1.217623168585072
2023-10-11,1.1736051736187094,1.2371217109616948
2023-10-12,1.180106786198479,1.2454844690779059
2023-10-13,1.1574859738779164,1.216616785280011
2023-10-16,1.1735991325159156,1.2367479327465989
2023-10-17,1.1589748859909048,1.2195513479198052
2023-10-18,1.1458126598007607,1.2007398269458895
2023-10-19,1.137363617045064,1.184199398749212
2023-10-20,1.1204441175089181,1.1646867572734274
2023-10-23,1.1337228973142577,1.1822447400093115
2023-10-24,1.1464796850996053,1.194919160928077
2023-10-25,1.1051716576261437,1.168100703632356
2023-10-26,1.0775613160550568,1.1300069832413742
2023-10-27,1.0872315441753662,1.1441311955023836
2023-10-30,1.0937172672839788,1.1570711884959037
2023-10-31,1.0927687678566576,1.1560119953453267
2023-11-01,1.114772026067821,1.1851362122933644
2023-11-02,1.1340313800229218,1.2048904454516862
2023-11-03,1.147553119442617,1.2233537956317133
2023-11-06,1.153670036423112,1.2312947963768748
2023-11-07,1.1647363448924855,1.2462944655290331
2023-11-08,1.1727055803211526,1.2578733104129323
2023-11-09,1.1681718708298199,1.2545316446998713
2023-11-10,1.1962243253764564,1.2956373631788076
2023-11-13,1.197729481111776,1.2928313412405315
2023-11-14,1.2205474488810424,1.3213826147921046
2023-11-15,1.21947065383886,1.3171494352152335
2023-11-16,1.2167952484252154,1.318359157609105
2023-11-17,1.2218857756376256,1.3203235674658709
2023-11-20,1.2349925409784068,1.3435981221025404
2023-11-21,1.2295330292737214,1.3313259635303145
2023-11-22,1.220339279925541,1.3267164161752025
2023-11-24,1.2171674910431785,1.3215810615107182
2023-11-27,1.2094860828081506,1.3115763325833376
2023-11-28,1.2126501635397204,1.317342989480223
2023-11-29,1.209369124262365,1.307829022608457
2023-11-30,1.1964162243563905,1.2902742558005647
2023-12-01,1.196634710357896,1.2870711340271113
2023-12-04,1.1870103328818766,1.268675972726302
2023-12-05,1.1896290201065038,1.2742905737589778
2023-12-06,1.1805071548163026,1.2610977073538203
2023-12-07,1.2028337585413271,1.2844425795169185
2023-12-08,1.216088003078593,1.3052731953248742
2023-12-11,1.2340239787265104,1.3237720108450413
2023-12-12,1.2554433166740422,1.3541748242587157
2023-12-13,1.262807889609904,1.365625375023562
2023-12-14,1.2683000428273072,1.3691973946117795
2023-12-15,1.2784383486674282,1.3866652931424106
2023-12-18,1.2932493859737202,1.4070765394617593
2023-12-19,1.291421099186928,1.4080987652910675
2023-12-20,1.2754694512411904,1.382447639220143
2023-12-21,1.2866176196036982,1.4015031442753845
2023-12-22,1.284002711521706,1.3979956393711412
2023-12-26,1.2896268670634017,1.4061735800375876
2023-12-27,1.2898788587835985,1.4075888752942802
2023-12-28,1.2894561939094533,1.4057217322189295
2023-12-29,1.2857040096713797,1.3990162248633644
2024-01-02,1.266984061757804,1.3676021132223164
2024-01-03,1.2544187784234988,1.3491408208250282
2024-01-04,1.253106763535276,1.3457827892131118
2024-01-05,1.2598261022965829,1.354299173389383
2024-01-08,1.2877359142227347,1.393837509180375
2024-01-09,1.2932181115964392,1.4000141852436354
2024-01-10,1.3046227096806744,1.4202824764311317
2024-01-11,1.3117782090952552,1.4290468435365586
2024-01-12,1.312113456077847,1.4354441891252865
2024-01-16,1.3176870619798777,1.4428359370535215
2024-01-17,1.310659672688884,1.434889211309216
2024-01-18,1.3332587654791495,1.466390564702721
2024-01-19,1.3694657432317263,1.5153060404284595
2024-01-22,1.3723190291615772,1.5168580346784795
2024-01-23,1.3775783234499097,1.5252483932572478
2024-01-24,1.3939308580446155,1.5498210367673317
2024-01-25,1.3777162397225837,1.5382660426970383
2024-01-26,1.3670918037481283,1.5249644931927913
2024-01-29,1.3834165210991576,1.5488197555197085
2024-01-30,1.3793283647788248,1.543492050342965
2024-01-31,1.3565299282062584,1.5067169769214575
2024-02-01,1.3737209528409977,1.5321135309867504
2024-02-02,1.429475459911373,1.6183916523325754
2024-02-05,1.4408416682671463,1.6260649532346316
2024-02-06,1.430537080778867,1.6108569095227443
2024-02-07,1.4570333440086205,1.6517254679239888
2024-02-08,1.4605209872023275,1.6566370957101033
2024-02-09,1.4757533371349183,1.6786858263017115
2024-02-12,1.4675833895996966,1.6659939853214525
2024-02-13,1.4559456797696142,1.6447363379168305
2024-02-14,1.4744300950252212,1.670693803065217
2024-02-15,1.47935762406775,1.6732731885777006
2024-02-16,1.4673357003044871,1.6552068187057019
2024-02-20,1.443370897924459,1.6271267486215342
2024-02-21,1.4339427878279085,1.6149972107765993
2024-02-22,1.5179020355821342,1.7245052341940257
2024-02-23,1.5120469589223748,1.7178702116687212
2024-02-26,1.5184443542603623,1.7215075594581974
2024-02-27,1.5176316503843634,1.718778201822412
2024-02-28,1.5069453885302329,1.7087720188610762
2024-02-29,1.5213300899118598,1.729473578782029
2024-03-01,1.5685545740483642,1.7936936080952415
2024-03-04,1.5672837601205312,1.8003992483047946
2024-03-05,1.542068381055521,1.7617999452349022
2024-03-06,1.5553124636720155,1.7806257529418354
2024-03-07,1.6016145196006262,1.8408870848360421
2024-03-08,1.5471102300174024,1.769235148019062
2024-03-11,1.52960731666415,1.7390643112397721
2024-03-12,1.5654818753728144,1.790356186874431
2024-03-13,1.5453146420531771,1.7658281696636884
2024-03-14,1.533449836461341,1.756727336008179
2024-03-15,1.5196654602738535,1.733380091148085
2024-03-18,1.5412304439111368,1.7507551419260707
2024-03-19,1.5457706763353145,1.7589431033608611
2024-03-20,1.5692671482838287,1.7906680849315837
2024-03-21,1.590264062497296,1.8248994285672948
2024-03-22,1.6054302245421535,1.842774108666084
2024-03-25,1.6050486064889964,1.8366428871814773
2024-03-26,1.586273060832481,1.8113014053656307
2024-03-27,1.5744648598464779,1.7950075288823744
2024-03-28,1.5702488662372505,1.7900786851568702
2024-04-01,1.5789683564081067,1.8063525216041674
2024-04-02,1.5694447896796988,1.7957066493832616
2024-04-03,1.579941765705827,1.8092307191874
2024-04-04,1.5549147672627095,1.7762970051426952
2024-04-05,1.5760166945476115,1.8118837559542817
2024-04-08,1.5702826910877872,1.8019135549948955
2024-04-09,1.5630987670694456,1.7934122042279401
2024-04-10,1.5650357016067489,1.7949938253174882
2024-04-11,1.6068439300596173,1.8471756137792794
2024-04-12,1.5788615088189024,1.8065387867264613
2024-04-15,1.546985770066906,1.7630415321390653
2024-04-16,1.5544914251424369,1.7752348775128004
2024-04-17,1.5211637443682364,1.7325986614102968
2024-04-18,1.5173057540051125,1.723949110755898
2024-04-19,1.4482323889046498,1.6385126879237577
2024-04-22,1.4687100254853862,1.6646066165310265
2024-04-23,1.5005525798673447,1.7057755501888938
2024-04-24,1.4990157369495234,1.6996568265147665
2024-04-25,1.5002106479447415,1.6886489768273405
2024-04-26,1.5413262760363962,1.7425048058647423
2024-04-29,1.547526730293526,1.7388806426211114
2024-04-30,1.5205219921200537,1.7000835899314901
2024-05-01,1.4941297057136096,1.6697834813621972
2024-05-02,1.5106337897758828,1.6887192415020944
2024-05-03,1.5515924365425289,1.7381878304377696
2024-05-06,1.5855849867706184,1.7833919960678446
2024-05-07,1.5754185198514212,1.7693670125803131
2024-05-08,1.583837353569113,1.7801767915340623
2024-05-09,1.572506046570913,1.7672788514902735
2024-05-10,1.5871176392775186,1.7842018992724844
2024-05-13,1.586783832130001,1.7847076757122193
2024-05-14,1.6067892478751873,1.8132645318375404
2024-05-15,1.6456231169288253,1.8637929477327535
2024-05-16,1.6325538139864146,1.846082039679854
2024-05-17,1.6180768704658939,1.8292693989016815
2024-05-20,1.635100294396751,1.8501909269959937
2024-05-21,1.6332910474156543,1.8516067802212592
2024-05-22,1.6313067622933253,1.8473037115426332
2024-05-23,1.6693665200406813,1.885799458384311
2024-05-24,1.6927818290747125,1.9192624282238007
2024-05-28,1.7288691129962526,1.9605539124398668
2024-05-29,1.7236235808357794,1.9521592695361232
2024-05-30,1.686048631805837,1.903712212954992
2024-05-31,1.6715766064489752,1.885666617776466
2024-06-03,1.6980620441405843,1.9174478102298278
2024-06-04,1.7082397145345087,1.9298523886607297
2024-06-05,1.771701920295985,2.0124583878589384
2024-06-06,1.7613898801918317,2.0005171330333034
2024-06-07,1.7618029622064766,2.00157715063656
2024-06-10,1.2828366078449123,1.455557303715051
2024-06-11,1.292909527961814,1.4752101634815278
2024-06-12,1.3095583796547705,1.502741004080776
2024-06-13,1.3641362528377168,1.5749139721028664
2024-06-14,1.3822985130259442,1.5967537638897253
2024-06-17,1.4135330264980472,1.6434039133198572
2024-06-18,1.4036825579107857,1.6271348852071128
2024-06-20,1.382080846767657,1.5967399717996398
2024-06-21,1.3565187201773172,1.5635875354193298
2024-06-24,1.33368259169844,1.534467279775504
2024-06-25,1.3406107374360425,1.5469542480922387
2024-06-26,1.3459580494623111,1.5589410680531304
2024-06-27,1.34655198687583,1.5616046719490246
2024-06-28,1.342342402395773,1.5517585286194573
2024-07-01,1.3579838718790418,1.5801218504454977
2024-07-02,1.3655754128270838,1.5990708720878295
2024-07-03,1.3902626252582018,1.6361041631633595
2024-07-05,1.3978480366450923,1.6544914542533273
2024-07-08,1.4062712793680505,1.6648409094753782
2024-07-09,1.4012088321290896,1.6599642491170932
2024-07-10,1.4113666450372708,1.6769141784918764
2024-07-11,1.3812902080064968,1.62451883090389
2024-07-12,1.3739171633899216,1.6163852351565768
2024-07-15,0.918197382266484,1.0244160880644078
2024-07-16,0.9117988565177367,1.015851667639116
2024-07-17,0.888843115862997,0.9773279532142611
2024-07-18,0.896144976256517,0.9853443716127608
2024-07-19,0.8926599123739336,0.9776669581433735
2024-07-22,0.9036621818608971,0.9975320844406981
2024-07-23,0.9055928101468007,0.9996624247917905
2024-07-24,0.8785109508744198,0.9467312985153313
2024-07-25,0.8633859912600584,0.9316347436818609
2024-07-26,0.8728341861975875,0.9468695419128014
2024-07-29,0.8748599834662043,0.9506670615956587
2024-07-30,0.8671081143333708,0.9367471548262125
2024-07-31,0.882633334573399,0.9592478786306886
2024-08-01,0.8837187019338615,0.9582511941310158
2024-08-02,0.8693034474984775,0.9392845408853787
2024-08-05,0.846789976405462,0.9081532240737803
2024-08-06,0.8576578731616566,0.9264248708198228
2024-08-07,0.848488673167332,0.914858663213223
2024-08-08,0.8733209081190216,0.9430635893044645
2024-08-09,0.8829334785190466,0.9538287262945592
2024-08-12,0.882909403275617,0.9552439028906055
2024-08-13,0.9058238454704723,0.9809905759844377
2024-08-14,0.901551152635125,0.9815620425837738
2024-08-15,0.9212024557836826,1.003284757458133
2024-08-16,0.9195324478737554,0.9965427964408546
2024-08-19,0.9311466941803039,1.0060377217048497
2024-08-20,0.9299315017700021,1.0046241073271671
2024-08-21,0.9334971997435078,1.0109669381225814
2024-08-22,0.9163087104847315,0.9933826446206834
2024-08-23,0.9262085645026759,1.0001638518446134
2024-08-26,0.9159382713663609,0.9868160631053082
2024-08-27,0.9138718821392844,0.9862608920299265
2024-08-28,0.904956205053509,0.9775510994731069
2024-08-29,0.9039328657790713,0.9773437847609807
2024-08-30,0.914322622872063,0.9882949347569574
2024-09-03,0.887373093614635,0.9616912167666003
2024-09-04,0.8888383071275323,0.9630047846582276
2024-09-05,0.8969224114490488,0.9695590173011235
2024-09-06,0.8643000895087145,0.9373620607767388
2024-09-09,0.8713816745015519,0.948650027369621
2024-09-10,0.8820849589914519,0.9617760189368223
2024-09-11,0.9011523283249765,0.9841153611267216
2024-09-12,0.9160881012758951,1.0011720758237266
2024-09-13,0.9206076683416556,1.004739402133241
2024-09-16,0.9195212981829947,1.0049321696695326
2024-09-17,0.921141963450052,1.0094964656164183
2024-09-18,0.9234018865595653,1.0072063666631308
2024-09-19,0.9435766189787783,1.0409823705495813
2024-09-20,0.9457971751544112,1.0386221220960674
2024-09-23,0.9451194399034042,1.0428650084220235
2024-09-24,0.9482635150156545,1.0435529488710313
2024-09-25,0.9505043320537637,1.0510787953766065
2024-09-26,0.9531710715987953,1.0510976919322097
2024-09-27,0.9514791783862295,1.046568519772694
2024-09-30,0.9585952921153584,1.0543148850193709
2024-10-01,0.9539059415743031,1.0414606100951953
2024-10-02,0.9542621739415401,1.0358993978121869
2024-10-03,0.9601805521145674,1.0416924369131397
2024-10-04,0.9690130378750064,1.0568023907947444
2024-10-07,0.9618654512966647,1.0394381164349948
2024-10-08,0.974206843098919,1.0568740304084967
2024-10-09,0.9781719250683096,1.0597941326451368
2024-10-10,0.9740079951220838,1.0542670441029387
2024-10-11,0.974801456370417,1.0506971531859608
2024-10-14,0.9793691074556945,1.057265222583278
2024-10-15,0.9771683095542231,1.0495451731347492
2024-10-16,0.9715382648676852,1.0431080509686013
2024-10-17,0.9733098782645581,1.0459913926773288
2024-10-18,0.9749255623255697,1.0479929965557924
2024-10-21,0.9747183539280562,1.050742517877027
2024-10-22,0.9810128543025903,1.0615165191098792
2024-10-23,0.9647900090841018,1.038508740563877
2024-10-24,0.9871561558351143,1.0546243982839159
2024-10-25,0.9961654878476487,1.0654389300984348
2024-10-28,0.995983704719891,1.0657058794861873
2024-10-29,1.0035981264727896,1.083003446258005
2024-10-30,0.9991556623392935,1.0789471096795342
2024-10-31,0.9804497400388259,1.0313260131107675
2024-11-01,0.9796731564920946,1.034489624750647
2024-11-04,0.972412507232404,1.0263090441319274
2024-11-05,0.9854682788020755,1.0441000538856
2024-11-06,1.0078156303843357,1.0673784497522263
2024-11-07,1.0270501646732744,1.0931666269002895
2024-11-08,1.0352131149582045,1.095100900226281
2024-11-11,1.0402215600334928,1.0916345820241407
2024-11-12,1.0329412025257108,1.0912011541642284
2024-11-13,1.0324596171891376,1.0885097621919908
2024-11-14,1.0243098615831898,1.0821890787735484
2024-11-15,1.0088539272253056,1.0531830939674673
2024-11-18,1.01960331076137,1.0600490525356594
2024-11-19,1.0269402769580203,1.0722904812696603
2024-11-20,1.0257256977486535,1.070949168912628
2024-11-21,1.022156088133508,1.0659802416349005
2024-11-22,1.0292690431535325,1.068134404844413
2024-11-25,1.0284309020249325,1.0684612691340432
2024-11-26,1.0379437284911521,1.0831490896098375
2024-11-27,1.0294792725241768,1.0717854713572827
2024-11-29,1.039688150067067,1.0827596865306313
2024-12-02,1.0597497496481063,1.1079265611466742
2024-12-03,1.068443351645312,1.1235192957362852
2024-12-04,1.0723854383415858,1.134553977797878
2024-12-05,1.0754850456498848,1.1385997041305056
2024-12-06,1.0935550175214714,1.1578328558802342
2024-12-09,1.0914672131842147,1.152481323583247
2024-12-10,1.0975741671035226,1.1540851897272697
2024-12-11,1.1168796098712859,1.181845456789788
2024-12-12,1.113838979091696,1.1772687001058915
2024-12-13,1.117566033656347,1.1889415628039604
2024-12-16,1.133171113568884,1.2135237649931523
2024-12-17,1.1401494183323386,1.2135468547248818
2024-12-18,1.1090778775590198,1.1627920948046981
2024-12-19,1.1076012934643735,1.1600448053915589
2024-12-20,1.0989890625660441,1.1536899881933693
2024-12-23,1.1102197121291897,1.1730290121550433
2024-12-24,1.129810408232027,1.1955120507909427
2024-12-26,1.1246728690358105,1.1914286128653666
2024-12-27,1.1108735175965723,1.1717713614861724
2024-12-30,1.0986111728349135,1.1535202540831946
2024-12-31,1.088867181651675,1.1389325180537193
2025-01-02,1.079865465113197,1.1383333416903585
2025-01-03,1.0983701599330302,1.1584634780628085
2025-01-06,1.1132483306839123,1.1849663354773226
2025-01-07,1.0957215430930367,1.1579876142698908
2025-01-08,1.0942601261659226,1.1552982734657884
2025-01-10,1.0900228651785762,1.1474199697148704
2025-01-13,1.0882153250853501,1.141262854828982
2025-01-14,1.0773925475880746,1.1268654031138987
2025-01-15,1.1102285511722347,1.1663685944911124
2025-01-16,1.0945063795506949,1.1516227111857873
2025-01-17,1.1042591224740042,1.1663846087005434
2025-01-21,1.1001400856860335,1.1679579613038644
2025-01-22,1.109138753771925,1.1882037694529202
2025-01-23,1.1132746238998372,1.1963596160897885
2025-01-24,1.1149860069124493,1.1992291828158936
2025-01-27,1.120379670375542,1.1706158679454233
2025-01-28,1.1321733172351982,1.2020719665451531
2025-01-29,1.1296995966364314,1.1943864336529213
2025-01-30,1.1383546616297289,1.187204203097269
2025-01-31,1.1401370143934153,1.189609729465277
2025-02-03,1.1272174245413193,1.1791886318301925
2025-02-04,1.1377186070944199,1.1929958438317168
2025-02-05,1.1319659001319393,1.1951256268896615
2025-02-06,1.1352229810109356,1.2030827985887456
2025-02-07,1.1238439641960103,1.1909403867714903
2025-02-10,1.1223811978686453,1.197916305665807
2025-02-11,1.114880124411929,1.1940185870369875
2025-02-12,1.1206877650747136,1.1992720438350486
2025-02-13,1.136695855293977,1.2124588844685389
2025-02-14,1.1400863037099482,1.2181652644614436
2025-02-18,1.1296300541994908,1.2030303350610345
2025-02-19,1.131169451746735,1.200627881115099
2025-02-20,1.1245894415257904,1.193604733609306
2025-02-21,1.103423827508423,1.167877370261478
2025-02-24,1.0905122432485896,1.1460435259461181
2025-02-25,1.0665287298068689,1.121658205641791
2025-02-26,1.066977206630206,1.1341330278914108
2025-02-27,1.048333880135279,1.1017573332605952
2025-02-28,1.0618489765215824,1.120601492637138
2025-03-03,1.0445156015420136,1.0899362152384668
2025-03-04,1.0355547456042316,1.0765929398601284
2025-03-05,1.0548978707863936,1.1021760400009792
2025-03-06,1.0317350946267254,1.0660806975727972
2025-03-07,1.0319377655794124,1.070243081091965
2025-03-10,0.9798515203501342,1.0165262358311022
2025-03-11,0.9816314382987994,1.0247642484188155
2025-03-12,0.9975834722098972,1.0455222511036548
2025-03-13,0.9705897202374798,1.0152598470792373
2025-03-14,0.9925715979496674,1.0439984910375928
2025-03-17,0.9852561269171218,1.0372345270391752
2025-03-18,0.9626599859469076,1.0087363505008993
2025-03-19,0.9750139345758888,1.021601413619111
2025-03-20,0.9738478224019907,1.0202359975144124
2025-03-21,0.9901187846166283,1.0361850486331023
2025-03-24,1.0194320251481956,1.065176548014061
2025-03-25,1.0327076290194452,1.0748425963211299
2025-03-26,1.0095341052650557,1.0468932873723595
2025-03-27,1.0056698467598615,1.038658822267898
2025-03-28,0.972648726523619,1.0033561738176486
2025-03-31,0.9713875967827361,0.9994682079094606
2025-04-01,0.9864609762353718,1.0161446855485807
2025-04-02,0.9925094204072014,1.0209203427601652
2025-04-03,0.938746793930243,0.9520062541997361
2025-04-04,0.8931049774396983,0.9013053520006812
2025-04-07,0.8911159249289133,0.9080910410996644
2025-04-08,0.8740783253527448,0.8940441630180271
2025-04-09,0.9791050604137775,1.0221096309646915
2025-04-10,0.9370910958762145,0.969222092040208
2025-04-11,0.9483963856296936,0.9822139524008887
2025-04-14,0.9470085328946636,0.9738253568875621
2025-04-15,0.9395820085332616,0.9663798984582542
2025-04-16,0.9099547096120115,0.9290982045358742
2025-04-17,0.9071210154745772,0.9233511393428157
2025-04-21,0.883071447895691,0.8946588615338937
2025-04-22,0.9064904467384969,0.9201141805436122
2025-04-23,0.9318543347375489,0.9509935939447361
2025-04-24,0.9545995109123323,0.9809539042566089
2025-04-25,0.9778467916506314,1.0062622459245083
2025-04-28,0.978308988416302,1.0066971944068968
2025-04-29,0.9850529095028462,1.013949004582963
2025-04-30,0.9784129028956936,1.009004357877815
2025-05-01,1.0076039694182737,1.0519877313374182
2025-05-02,1.018771510630489,1.079345117768397
2025-05-05,1.0126965982083695,1.0751495252989072
2025-05-06,1.0040864460282444,1.062646253168265
2025-05-07,0.9971845851702856,1.0712689035940184
2025-05-08,1.0049546786283243,1.0806457582617588
2025-05-09,1.0101406760258482,1.081385404649043
2025-05-12,1.0228422172947675,1.1424603934847835
2025-05-13,1.025074704312373,1.1671843256596657
2025-05-14,1.0297236231944749,1.1792701860332877
2025-05-15,1.0279699566639835,1.16659612973044
2025-05-16,1.029769231745571,1.1660452505762229
2025-05-19,1.0280989249853234,1.1673032141936037
2025-05-20,1.0269163481498849,1.1636154025875003
2025-05-21,1.0239783838243421,1.1516360251424413
2025-05-22,1.0235287582567016,1.1568946353556369
2025-05-23,1.019777772356795,1.141901145765093
2025-05-27,1.0228204440063087,1.174961313388403
2025-05-28,1.0229497883476846,1.172544115275344
2025-05-29,1.0226603033931763,1.1781047341345467
2025-05-30,1.0232146362847883,1.1758337855951198
2025-06-02,1.0237381729046438,1.1958561042676221
2025-06-03,1.0247051758377888,1.1998300803869435
2025-06-04,1.0244280093919829,1.2134029741818368
2025-06-05,1.0230791326890607,1.1980460873530498
2025-06-06,1.0299294220966915,1.2101754972841552
2025-06-09,1.0347860963079691,1.2123082753289367
2025-06-10,1.0438469714497551,1.223244048389612
2025-06-11,1.0416123699752955,1.219652504684979
2025-06-12,1.0417161498919716,1.224242551114916
2025-06-13,1.04002235494538,1.210124606313464
2025-06-16,1.0412357280525746,1.2315754440455449
2025-06-17,1.0395234553429293,1.2210128451622908
2025-06-18,1.0401024252519462,1.2248300363935913
2025-06-20,1.0428248156751954,1.2132363319506267
2025-06-23,1.0431327783927573,1.2402533005860676
2025-06-24,1.0423936678706083,1.2561021450165266
2025-06-25,1.0431697339188648,1.2561493927016691
2025-06-26,1.0428248156751954,1.274370056557383
2025-06-27,1.042874089710005,1.279693084247848
2025-06-30,1.0453932247396631,1.2859349220133458
2025-07-01,1.0470254271427426,1.2584839249566935
2025-07-02,1.054431217530321,1.2644405634850697
2025-07-03,1.054276976140185,1.2779625313683414
2025-07-07,1.0432692822641392,1.267744154239526
2025-07-08,1.0452589961968948,1.2691150822608193
2025-07-09,1.0442667099203526,1.2868951398639734
2025-07-10,1.0514595000803655,1.2858839108034212
2025-07-11,1.0533309622806835,1.281691325686914
2025-07-14,1.0550738899892211,1.283901601891945
2025-07-15,1.051927365630445,1.2829616048258599
2025-07-16,1.057526328092385,1.2815043718288388
2025-07-17,1.0563643762866932,1.28763939193481
2025-07-18,1.0616291490700052,1.2905328526571345
2025-07-21,1.0610327490281457,1.2986654509382758
2025-07-22,1.062893928469121,1.2852446818436918
2025-07-23,1.0631252905543251,1.2955800977490086
2025-07-24,1.0491098895706257,1.2961512211501247
2025-07-25,1.0546420140968402,1.300574494439723
2025-07-28,1.0595417489234968,1.3091599271881034
2025-07-29,1.0572846832478384,1.2955410500628237
2025-07-30,1.0561741452388587,1.2952494334898423
2025-07-31,1.050636879332973,1.3560642998642203
2025-08-01,1.0477371411984144,1.323388856414427
2025-08-04,1.0516308959320473,1.3597275970973137
2025-08-05,1.0511270629601288,1.3418218064157341
2025-08-06,1.0636055824234645,1.3576664785554748
2025-08-07,1.064703959971676,1.3526879018236517
2025-08-08,1.0684877705418543,1.3666126432018109
2025-08-11,1.0732771269421577,1.365016110364817
2025-08-12,1.0731068862394804,1.3930364545146352
2025-08-13,1.07318081889392,1.3784745457533507
2025-08-14,1.0733344265448919,1.3815790670652062
2025-08-15,1.073335622866161,1.3773106059816622
2025-08-18,1.073346629021838,1.3644150340762113
2025-08-19,1.0732633650614982,1.3381475795478157
2025-08-20,1.0731628740748813,1.326918785108623
2025-08-21,1.0731183709236651,1.3174371884259641
2025-08-22,1.0732832239945678,1.341701836938205
2025-08-25,1.0732616902117214,1.3412404506962337
2025-08-26,1.0732801135592678,1.3448382342295944
2025-08-27,1.0732899233936757,1.3446584235971386
2025-08-28,1.0733492609286306,1.3523141866393567
2025-08-29,1.0732870522226294,1.330352634648079
2025-09-02,1.0731994815057204,1.3225490926235288
2025-09-03,1.0730851785925704,1.3323938549740242
2025-09-04,1.0745571300538306,1.3470034081782907
2025-09-05,1.0683566133718907,1.3517144744690848
2025-09-08,1.0703553380602377,1.3570472967689202
2025-09-09,1.0713963885732958,1.3634737662878482
2025-09-10,1.0745035067684654,1.3683868482098571
2025-09-11,1.074738418905529,1.3717535981217899
2025-09-12,1.0791218788686645,1.391773926450404
2025-09-15,1.0817495963638497,1.410205887089802
2025-09-16,1.0777960065360268,1.4160201139795148
2025-09-17,1.0765426726669556,1.4080698134664797
2025-09-18,1.0779413830360038,1.4098340839294219
2025-09-19,1.0825726563671743,1.422118490795821
2025-09-22,1.0833454267484424,1.417975142254424
2025-09-23,1.0788481953084101,1.4009908953611143
2025-09-24,1.0787428791068794,1.4082564015501582
2025-09-25,1.0774824064459256,1.392979200104922
2025-09-26,1.079790783684169,1.3971039329865533
2025-09-29,1.082650043819086,1.3989638310604722
2025-09-30,1.0858752695541058,1.3989509302064962
2025-10-01,1.080594064411864,1.3952954769435852
2025-10-02,1.0828393735235684,1.3955921897815802
2025-10-03,1.0771625325590872,1.3834105025578307
2025-10-06,1.0835624933465096,1.4002125645680157
2025-10-07,1.0803143627737375,1.388671075885914
2025-10-08,1.0839818434052062,1.4006338078534437
2025-10-09,1.0897504535655451,1.4082847281914646
2025-10-10,1.0705794696237807,1.3561509270469876
2025-10-13,1.077714216259479,1.3891850907116874
2025-10-14,1.0718807325172732,1.3728163243420184
2025-10-15,1.0749115879783302,1.3842670118838771
2025-10-16,1.0727786249433555,1.3785737362863069
2025-10-17,1.0759182817779624,1.3874201907393564
2025-10-20,1.0827703359906287,1.406968094553481
2025-10-21,1.0831730863781779,1.4036967370483553
2025-10-22,1.0841658744346554,1.4016507492643302
2025-10-23,1.0851406204092044,1.4083058551089143
2025-10-24,1.089695883336544,1.4173381277066484
2025-10-27,1.0998442114038842,1.4467158110377656
2025-10-28,1.108540013863541,1.4669787789399948
2025-10-29,1.110541737609577,1.4761939001289055
2025-10-30,1.0710724359923038,1.394804098956453
2025-10-31,1.0606873535478782,1.3791804513565251
2025-11-03,1.0580925277525726,1.374644224952593
2025-11-04,1.0501397609100762,1.3496384405588606
2025-11-05,1.04859440573298,1.356729772287865
2025-11-06,1.035182140344444,1.3270355071978515
2025-11-07,1.0360678269599113,1.3205943235162567
2025-11-10,1.0479327286534754,1.3499749128147163
2025-11-11,1.0453929856971969,1.3442682299454822
2025-11-12,1.0403098742099786,1.331400196492476
2025-11-13,1.034417923503184,1.306656302671116
2025-11-14,1.039555945939386,1.3144856839326131
2025-11-17,1.036282815455131,1.3054787564357955
2025-11-18,1.0227230254460369,1.2853344851657642
2025-11-19,1.0221940080506458,1.2852729751216834
2025-11-20,1.0104159243163617,1.2675261607488548
2025-11-21,1.005878112008614,1.264740691632428
2025-11-24,1.0325016717245268,1.3072221450365014
2025-11-25,1.0424107652734924,1.327141088353049
2025-11-26,1.0514527814126415,1.3400992058995156
2025-11-28,1.0609913103817281,1.3571710662019538
2025-12-01,1.054350096520114,1.344556915445017
2025-12-02,1.057583892758579,1.351524138104276
2025-12-03,1.055806715933637,1.339983201054133
2025-12-04,1.0698560340785084,1.3598675662019
2025-12-05,1.0765341401354616,1.3725145916193684
2025-12-08,1.0739867668843783,1.374267349827762
2025-12-09,1.0739909192245105,1.3717741478121193
2025-12-10,1.0686395114309033,1.3616596154387666
2025-12-11,1.0677930358242729,1.3607432767694267
2025-12-12,1.0580488474671328,1.3331070204325113
2025-12-15,1.0603218780996142,1.327985082259953
2025-12-16,1.0681204525253427,1.3413702315068108
2025-12-17,1.053301188629105,1.3177970449736527
2025-12-18,1.0658815051622101,1.3429459068711214
2025-12-19,1.070007140027729,1.3486830514891688
2025-12-22,1.0739685153317828,1.3529631894847491
2025-12-23,1.0768392121402413,1.3630488899668733
2025-12-24,1.0772536569060969,1.366317900603563
2025-12-26,1.073688732983896,1.3617429494916382
2025-12-29,1.066157431470185,1.3514844104258241
2025-12-30,1.0641662523309632,1.3547964179960366
2025-12-31,1.0596711341151304,1.343749253879336
